id,opensora2/aesthetic_quality,opensora2/imaging_quality,opensora2/overall_consistency,Sora_cla/aesthetic_quality,Sora_cla/imaging_quality,Sora_cla/overall_consistency,wan2.1_cla/aesthetic_quality,wan2.1_cla/imaging_quality,wan2.1_cla/overall_consistency,wan2.2_cla/aesthetic_quality,wan2.2_cla/imaging_quality,wan2.2_cla/overall_consistency,vidu_cla/aesthetic_quality,vidu_cla/imaging_quality,vidu_cla/overall_consistency,Kling-1.6_cla/aesthetic_quality,Kling-1.6_cla/imaging_quality,Kling-1.6_cla/overall_consistency,hunyuanvideo_cla/aesthetic_quality,hunyuanvideo_cla/imaging_quality,hunyuanvideo_cla/overall_consistency,veo_3_cla/aesthetic_quality,veo_3_cla/imaging_quality,veo_3_cla/overall_consistency,difficulty
Close up of grapes on a rotating table.,0.6721400618553162,0.6357988439160723,0.22314864099025727,0.5573293805122376,0.6595991440327962,0.25494968593120576,0.6297530233860016,0.6747801857230105,0.20857205241918564,0.7236867189407349,0.7709871558672117,0.1923741042613983,0.5837030053138733,0.6426117922259915,0.24292493164539336,0.629355251789093,0.6863918792360552,0.24332616478204727,0.6276800274848938,0.7354777030057686,0.22877557277679444,0.5925569772720337,0.6642513087590536,0.2576623260974884,level0
Turtle swimming in ocean.,0.6612317562103271,0.7408518310073735,0.2655798554420471,0.6696968674659729,0.7294246340942382,0.24079192578792571,0.6880461424589157,0.7409123252350608,0.25343799591064453,0.7335058093070984,0.7225553496560932,0.251129812002182,0.6459689617156983,0.7222970403855846,0.2303008109331131,0.6585618555545807,0.7118759741723785,0.21524610742926598,0.6267964959144592,0.7266534833094871,0.24882183074951172,0.6811819314956665,0.7384131568272909,0.25369721055030825,level0
A storm trooper vacuuming the beach.,0.760569167137146,0.7618723578637885,0.3455717206001282,0.7002901315689087,0.7701947588094076,0.318431031703949,0.6817639619112015,0.7477021737746251,0.31179363280534744,0.7368870735168457,0.7591319964373553,0.3390487492084503,0.6733012437820435,0.7524024765260757,0.3115527153015137,0.7343899607658386,0.7558532702180855,0.3589728772640228,0.723330020904541,0.7459103559153949,0.35937097668647766,0.7450478672981262,0.7773076572418212,0.3450287640094757,level0
A panda standing on a surfboard in the ocean in sunset.,0.6463817834854126,0.5870225496809612,0.3397270917892456,0.6653686046600342,0.6834297382609049,0.33558491468429563,0.6453620046377182,0.7390796578960654,0.33860406279563904,0.6739953041076661,0.7118645834275233,0.30848081707954406,0.6676944375038147,0.7218673622992731,0.36320375800132754,0.6873540729284286,0.7097828618124807,0.3637748584151268,0.6677294850349427,0.7134196248017541,0.348288232088089,0.6891000628471374,0.6801378907759984,0.3511709690093994,level0
"An astronaut feeding ducks on a sunny afternoon, reflection from the water.",0.6695278644561767,0.6835034991715305,0.3011522352695465,0.6890933513641357,0.7490605641682944,0.2919718325138092,0.7045534402132034,0.7738966395531172,0.29283401370048523,0.768140721321106,0.7452118179886429,0.3196532905101776,0.6740572690963745,0.6616627992814588,0.31639779806137086,0.6854060888290405,0.7204754327639504,0.30705124884843826,0.6488213539123535,0.6973710240208825,0.27686781287193296,0.7144565939903259,0.776029175043106,0.28985514044761657,level0
Two pandas discussing an academic paper.,0.558105218410492,0.7079186628474745,0.2949465334415436,0.6163548827171326,0.6977289938354492,0.2865662932395935,0.6080031245946884,0.7418469622105728,0.24010001868009567,0.6129644870758056,0.6842591617725514,0.24748766422271729,0.5924826979637146,0.7328647442479287,0.2697160869836807,0.6134657710790634,0.7129754229502064,0.27082376927137375,0.5591936945915222,0.6784002583821614,0.2674622297286987,0.6003421664237976,0.7143604159355162,0.2808208703994751,level0
Sunset time lapse at the beach with moving clouds and colors in the sky.,0.6311648488044739,0.5816663713676984,0.2866742432117462,0.6546085476875305,0.5367640023295085,0.28102911710739137,0.7959236204624176,0.7361824307618319,0.17332816869020462,0.7636263608932495,0.7174882832279911,0.23314893245697021,0.6220582127571106,0.583611132037255,0.22684806287288667,0.6399537324905396,0.6925301402238395,0.2266988717019558,0.605302381515503,0.4603655604872593,0.2761728733778,0.6243943214416504,0.4381398999492328,0.22672058045864105,level0
A fat rabbit wearing a purple robe walking through a fantasy landscape.,0.7256115555763245,0.6841211142576943,0.21672290861606597,0.5819324970245361,0.6813352547709146,0.04727357178926468,0.6944345533847809,0.7475567563374838,0.22141804173588753,0.7698774456977844,0.7516008009733977,0.2946173489093781,0.7090173959732056,0.7154698734898721,0.3557362139225006,0.7189048081636429,0.7506930376978831,0.20420200750231743,0.7314690947532654,0.7053144203008607,0.3071266233921051,0.733135986328125,0.7597226458390554,0.31996129155159,level0
A koala bear playing piano in the forest.,0.620594596862793,0.70415318392968,0.3540563821792603,0.617999792098999,0.7236673832702637,0.3646843135356903,0.6318860054016113,0.701630510871793,0.32605957984924316,0.6256463766098023,0.6728452386738341,0.31522432565689085,0.6110883355140686,0.7081444432658535,0.3213468551635742,0.6913213282823563,0.7205075225592649,0.3358380049467087,0.5839887022972107,0.7303190202934797,0.3467427909374237,0.6011792540550231,0.7679371820290883,0.354878431558609,level0
An astronaut flying in space.,0.6395303845405579,0.6090005920765013,0.2609652131795883,0.6707316040992737,0.6628900424448648,0.2447187840938568,0.6705565303564072,0.6325785267205886,0.1948062740266323,0.7141103506088257,0.6179862939340097,0.24582114815711975,0.6499091982841492,0.678687135911757,0.24064162969589234,0.7435444444417953,0.6938065053219618,0.20870089903473854,0.630937147140503,0.7063867614509522,0.2576456606388092,0.6696961998939515,0.6619170310894649,0.23940173387527466,level0
Fireworks.,0.6474791169166565,0.42750580954736517,0.21847492456436157,0.6987538933753967,0.5484016929626465,0.22088936269283294,0.7118041515350342,0.5473057680954168,0.2164849378168583,0.7392977833747864,0.6004554074134356,0.20456262528896332,0.6041791796684265,0.531385876517142,0.20565244257450105,0.6823344230651855,0.6342320332982233,0.2002490907907486,0.6212493777275085,0.4991713155997816,0.2136795073747635,0.660953676700592,0.47545790203412375,0.21216517686843872,level0
An animated painting of fluffy white clouds moving in sky.,0.4897607326507568,0.5338679055797961,0.26875628530979156,0.4660456120967865,0.6283381945292155,0.26373748779296874,0.5425632297992706,0.5405497821760766,0.24616603925824165,0.632599937915802,0.5746648794103552,0.2538086324930191,0.5028015553951264,0.3270274752032372,0.24335238635540007,0.5733012408018112,0.6264374258508326,0.25942643731832504,0.5000229477882385,0.6444566325106361,0.20671687722206117,0.5068712294101715,0.5473221947749456,0.3029390275478363,level0
Flying through fantasy landscapes.,0.6887940883636474,0.7399148396928181,0.20860158503055573,0.7552829146385193,0.7514844196065267,0.22840776443481445,0.7019357681274414,0.7373696698082819,0.23862287774682045,0.7282244086265564,0.7571194071828583,0.24745894074440003,0.5713746905326843,0.4939743034608902,0.19966908693313598,0.6958323419094086,0.6857226209521788,0.23288843035697937,0.6531264185905457,0.5463353774787844,0.20364037454128264,0.6951329469680786,0.6688378150463103,0.22390743792057038,level0
A bigfoot walking in the snowstorm.,0.7296056151390076,0.6996715343978053,0.30932055711746215,0.664949893951416,0.7103113218180339,0.32545406818389894,0.6461671888828278,0.7216951122990362,0.2595634385943413,0.7310330510139466,0.6316706600424684,0.285277909040451,0.6409336566925049,0.6172671577853541,0.2924134850502014,0.6221169978380203,0.6995565678370939,0.297989659011364,0.674969744682312,0.7315718010007873,0.29802480936050413,0.5742762446403503,0.5819178394873937,0.3064473390579224,level0
A squirrel eating a burger.,0.682539188861847,0.665160807232524,0.32940195202827455,0.682728362083435,0.6502347595214844,0.30348052978515627,0.7275272309780121,0.7484571960825979,0.3340929225087166,0.7621649026870727,0.728170942141686,0.31908756494522095,0.6395950794219971,0.7071498614588091,0.34373742938041685,0.6953761875629425,0.7072358078382817,0.29934440553188324,0.6469056844711304,0.7073706996237584,0.32810560464859007,0.6721284508705139,0.7022314985195796,0.339113312959671,level0
A cat wearing sunglasses and working as a lifeguard at a pool.,0.6910127162933349,0.6752501392808071,0.28205448389053345,0.7214573979377746,0.7198805685424805,0.2879570186138153,0.712149128317833,0.6293646575786449,0.2968520000576973,0.7666439175605774,0.736922614015179,0.28809763193130494,0.6960986375808715,0.7023628728005193,0.31431652307510377,0.6555897295475006,0.6995073966663408,0.3151182159781456,0.7025705695152282,0.695294664072436,0.29195948243141173,0.7183431386947632,0.7240053877830506,0.3016932725906372,level0
Snow rocky mountains peaks canyon. snow blanketed rocky mountains surround and shadow deep canyons. the canyons twist and bend through the high elevated mountain peaks.,0.6997966647148133,0.7756243778199188,0.26219999194145205,0.5910253763198853,0.7771061296590169,0.24274991750717162,0.6618546545505524,0.7599295934041341,0.22193531319499016,0.7316025853157043,0.7562528081823279,0.22733005583286287,0.5877969861030579,0.7654850337120795,0.24743463099002838,0.6752256453037262,0.7604446488693047,0.25981511175632477,0.6448569297790527,0.7890514015375182,0.25810825228691103,0.6103409171104431,0.7874656808376312,0.2547388821840286,level0
"Splash of turquoise water in extreme slow motion, alpha channel included.",0.5377213180065155,0.6166923659568609,0.2352793902158737,0.5360030353069305,0.6534605082702637,0.22428711950778962,0.6051189005374908,0.5136512184143067,0.18122269213199615,0.6835970520973206,0.6516154304786964,0.19894912242889404,0.4446996510028839,0.29024991718415294,0.21431420743465424,0.486245721578598,0.6918371004682359,0.2115938365459442,0.42676064372062683,0.41712589515272036,0.24545827507972717,0.44055540561676027,0.4363601669371128,0.2257350891828537,level0
an ice cream is melting on the table.,0.5081737637519836,0.5911264019456021,0.2213570088148117,0.5592971503734588,0.6702651792907715,0.2693757116794586,0.5713319927453995,0.7692697807594582,0.2675166204571724,0.6921878933906556,0.7443247622266227,0.25686134696006774,0.6490447163581848,0.645165187774166,0.22284604609012604,0.6995092779397964,0.7024402224671297,0.22643133625388145,0.5416035652160645,0.6523015820998553,0.2164078027009964,0.6263353228569031,0.6940009133815767,0.26422646045684817,level0
a drone flying over a snowy forest.,0.507381695508957,0.4930217001271802,0.2917537152767181,0.6915637493133545,0.7614471978759765,0.24286873638629913,0.6738773435354233,0.770933851312708,0.2307514101266861,0.6120568752288819,0.7733848609453366,0.26172053515911103,0.5836262345314026,0.6695996573048253,0.2586258202791214,0.7479829639196396,0.7694579293816911,0.22694148495793343,0.537218052148819,0.732763340321622,0.30658472180366514,0.6825679898262024,0.7153899328708649,0.23009746968746186,level0
a shark is swimming in the ocean.,0.5784592270851135,0.640653571934663,0.22752264738082886,0.5934048771858216,0.6546217697143555,0.22798984944820405,0.6607314944267273,0.7211121326022678,0.21086610853672028,0.6955701589584351,0.7034655631736474,0.22135436832904815,0.6094930171966553,0.6966211024868875,0.2224384218454361,0.5947013646364212,0.6815611233058312,0.20284409448504448,0.5375142097473145,0.676894830215809,0.21088424026966096,0.6199552416801453,0.6468614368836085,0.21406393647193908,level0
Aerial panoramic video from a drone of a fantasy land.,0.7546911835670471,0.7347770890819934,0.19068949818611144,0.7548030734062194,0.7661239274088543,0.18748245537281036,0.7232472598552704,0.7434590520976503,0.1874496079981327,0.806728971004486,0.7535585089789496,0.1622700423002243,0.6671363115310669,0.6153578234026509,0.20364881157875062,0.7847076207399368,0.6700429990776346,0.19009173661470413,0.6964074730873108,0.7761129811604819,0.21757401823997496,0.7218345642089844,0.7307125656803449,0.19688428044319153,level0
a teddy bear is swimming in the ocean.,0.7326536178588867,0.7396863476657128,0.2918220818042755,0.718714964389801,0.6989954052734375,0.30014761090278624,0.7876465916633606,0.7263798024919298,0.2970020994544029,0.8320893406867981,0.7468348000608843,0.2615502834320068,0.7883511304855346,0.742426281836725,0.28350558280944826,0.7211952209472656,0.7278368419235672,0.27873723953962326,0.656319773197174,0.7232277441690135,0.2957903265953064,0.7640356063842774,0.7353544958432516,0.2952854514122009,level0
time lapse of sunrise on mars.,0.5561877250671386,0.48396601060379385,0.24657852649688722,0.5624772369861603,0.7378355418904622,0.21233573257923127,0.6304712444543839,0.6254167873476758,0.20016543567180634,0.7431619524955749,0.6649186116913218,0.2047017127275467,0.5807655811309814,0.5003852567980367,0.2242331624031067,0.6410150676965714,0.5743698448956754,0.19707123562693596,0.5298620104789734,0.6492460165689158,0.1996314436197281,0.5635521888732911,0.5416431410411994,0.24774787425994874,level0
golden fish swimming in the ocean.,0.651037871837616,0.6106815905312235,0.24867697954177856,0.669977331161499,0.6990469847106934,0.23550606071949004,0.6610425263643265,0.6244657029045952,0.2614711821079254,0.6842803835868836,0.7449338128360701,0.25441820323467257,0.5978475689888001,0.6960901297907676,0.20025468170642852,0.6423163414001465,0.6912009804278489,0.16575845703482628,0.604900598526001,0.7167183058982671,0.1753573089838028,0.6118430256843567,0.7338453233639399,0.23826919198036195,level0
An artist brush painting on a canvas close up.,0.4843815565109253,0.6915327387965003,0.23302346765995025,0.3433899462223053,0.6866442706807455,0.2644812762737274,0.46057621389627457,0.6906711872713065,0.22813505306839943,0.5312207460403442,0.7803083179615162,0.21015113294124604,0.5213514864444733,0.7001439616295599,0.21152291297912598,0.45106562972068787,0.6956568888114201,0.25896479189395905,0.32238956689834597,0.634498671243357,0.2637313902378082,0.32440799474716187,0.6283016175031663,0.24590395390987396,level0
"A drone view of celebration with Christmas tree and fireworks, starry sky - background.",0.6739091157913208,0.571555255328038,0.21074267327785492,0.6821067333221436,0.6570176016235351,0.238999405503273,0.7602881193161011,0.6430999071804094,0.2345530167222023,0.7973177909851075,0.7104775296434944,0.22242766618728638,0.7049827456474305,0.6548670125161448,0.21962804794311525,0.7798713147640228,0.6826643659662903,0.21361086145043373,0.7204479575157166,0.6591874031835748,0.22606537938117982,0.7708723783493042,0.6170666608810425,0.24116734266281128,level0
"happy dog wearing a yellow turtleneck, studio, portrait, facing camera, dark background",0.5822112083435058,0.6541878507747206,0.3055524468421936,0.7277012944221497,0.7445633015950521,-0.03518478125333786,0.592737227678299,0.6249653716146211,0.27247922867536545,0.6511283993721009,0.6345044586746781,0.29853069186210635,0.5293721497058869,0.6923126416360178,0.29293438196182253,0.6320623755455017,0.7003731870849103,0.2866923585534096,0.5491349935531616,0.7197957176977349,0.30015128254890444,0.6282244443893432,0.688223517815272,0.2932648003101349,level0
"Origami dancers in white paper, 3D render, on white background, studio shot, dancing modern dance.",0.5922599554061889,0.29126118803393936,0.3412659168243408,0.6131587564945221,0.7437198508707683,0.05890191122889519,0.5935979783535004,0.5617782344347165,0.3496670424938202,0.6175296068191528,0.7578768024209105,0.3010468721389771,0.542549329996109,0.4278288941844817,0.31836757659912107,0.5697400122880936,0.6721373926059834,0.2811471223831177,0.6057583570480347,0.5745200676141783,0.31084800958633424,0.5659130334854126,0.2915656908949216,0.3572888016700745,level0
Campfire at night in a snowy forest with starry sky in the background.,0.7560046195983887,0.596748911480571,0.3133522212505341,0.7503923058509827,0.6788121759033203,0.30830793976783755,0.7884045839309692,0.5442682225027202,0.3125220611691475,0.8286606788635253,0.6497238441749855,0.30892411470413206,0.7181547999382019,0.6492928951017319,0.3020560383796692,0.7646856009960175,0.7230075516047815,0.3223525509238243,0.7722097516059876,0.6145446237963299,0.3043253421783447,0.7411613821983337,0.6609756424029669,0.32404279708862305,level0
a fantasy landscape,0.7256115555763245,0.6841211142576943,0.21672290861606597,0.5819324970245361,0.6813352547709146,0.04727357178926468,0.6944345533847809,0.7475567563374838,0.22141804173588753,0.8022156715393066,0.7697952524820962,0.2027104377746582,0.6839132010936737,0.48026785335233135,0.20502515882253647,0.7189048081636429,0.7506930376978831,0.20420200750231743,0.7988836169242859,0.6649301253917606,0.2210499495267868,0,0,0,level0
A 3D model of a 1800s victorian house.,0.6071562886238098,0.6399640332599018,0.2897861361503601,0.5433023154735566,0.5602463768513998,0.0542470364831388,0.6740535199642181,0.7700663839740517,0.2522526681423187,0.7236088395118714,0.7666989740442347,0.28236048221588134,0.6560748457908631,0.7274554424901163,0.27736124992370603,0.6687402427196503,0.7870378092215764,0.21690571308135986,0.6098249316215515,0.7812942148844402,0.30535513162612915,0.7006243586540222,0.7744114945729573,0.30869598388671876,level0
this is how I do makeup in the morning.,0.402903226017952,0.6159213695821835,0.17515071630477905,0.49740164875984194,0.6822128396097819,0.1988332003355026,0.4968107119202614,0.71628740404859,0.19429947063326836,0.5933561682701111,0.753204630345474,0.2017889589071274,0.5460655689239502,0.7177634701882638,0.20111440122127533,0.4990023747086525,0.7195555377105459,0.19361940026283264,0.38965885043144227,0.620876812957054,0.22105631232261658,0.46143644452095034,0.7291241296132406,0.22204996943473815,level0
"A raccoon that looks like a turtle, digital art.",0.6952203273773193,0.7237065458075944,0.34444048404693606,0.6821534752845764,0.7241849961344402,0.3004319667816162,0.7107260227203369,0.7070478787834261,0.16595515981316566,0.7183343291282653,0.7131722396097067,0.306013810634613,0.6608147859573364,0.7144664671497961,0.2955849260091782,0.650062158703804,0.6625562556650628,0.30610232800245285,0.5669109523296356,0.7278757094745488,0.26667243540287017,0.6668937683105469,0.7074697628418604,0.3030068039894104,level0
Robot dancing in Times Square.,0.7666157841682434,0.5837360087549963,0.33250853419303894,0.7281339049339295,0.6400897263590496,0.32979817390441896,0.8251035511493683,0.6026647372304658,0.2716541886329651,0.7799992442131043,0.767446236692829,0.2695066571235657,0.7393442749977112,0.5431194993603614,0.3317090213298798,0.7407720535993576,0.5523267629631328,0.30894166976213455,0.6274800300598145,0.6075874600077784,0.3372147440910339,0.7334003448486328,0.6653806895017624,0.33687809109687805,level0
Busy freeway at night.,0.6087374687194824,0.5298935333370238,0.25684269070625304,0.6240194201469421,0.5636635763041179,0.26964145302772524,0.6327152103185654,0.6077948340663204,0.27374067902565,0.647805142402649,0.6008478054470485,0.24842167496681214,0.5813703179359436,0.5117971570414881,0.2394687592983246,0.5916380882263184,0.5095265805968605,0.2643694579601288,0.6160671710968018,0.5550263353096423,0.2721936523914337,0.6240431666374207,0.5364027152061462,0.27259002923965453,level0
Balloon full of water exploding in extreme slow motion.,0.5748953461647034,0.6720714246764663,0.2683230102062225,0.49630934596061704,0.5991320746866862,0.2529049664735794,0.5347955748438835,0.571269594475075,0.23098581656813622,0.5975942492485047,0.6602153524704921,0.2270476996898651,0.49729899168014524,0.5570582124033282,0.2034679174423218,0.48135048151016235,0.5965676270085252,0.20197420567274094,0.4414306044578552,0.61726356012507,0.22702403962612153,0.4557440936565399,0.5848714388012886,0.2579173922538757,level0
An astronaut is riding a horse in the space in a photorealistic style.,0.696874463558197,0.6867004948105923,0.31236079931259153,0.7028628349304199,0.6173340463765462,0.3274493277072906,0.7210555225610733,0.6185836770799426,0.3141702488064766,0.7368631362915039,0.6467505998964663,0.30897088050842286,0.6810291171073913,0.734884963373984,0.31860585808753966,0.6986454129219055,0.6568646782364588,0.3235747292637825,0.6766909122467041,0.7196141538989637,0.3202236771583557,0.6599334955215455,0.7054834396044413,0.31850184202194215,level0
Macro slo-mo. Slow motion cropped closeup of roasted coffee beans falling into an empty bowl.,0.6311251044273376,0.5612226030808086,0.27060484886169434,0.6096309185028076,0.6249444686889648,0.2805313289165497,0.5908977538347244,0.6338378296369388,0.2770594358444214,0.6660703897476197,0.6900002995243779,0.2613768458366394,0.6125105142593383,0.563730385134297,0.2829101622104645,0.5960486084222794,0.6594371819397227,0.25504494458436966,0.5893914937973023,0.7011925129262051,0.2584500879049301,0.5289348483085632,0.5611981514493625,0.29412285089492796,level0
"Sewing machine, old sewing machine working.",0.6341670632362366,0.543576377750367,0.21489484906196593,0.5249874532222748,0.6704359570821126,0.229911732673645,0.7152688652276993,0.7434283334237559,0.19318990781903267,0.71942218542099,0.7592080106382018,0.2334071934223175,0.6283000111579895,0.617529602173836,0.23910841345787048,0.6087732911109924,0.696522530401396,0.23252258449792862,0.5389626264572144,0.6725686771481537,0.19637601673603058,0.547203540802002,0.6659584546486537,0.24780277013778687,level0
"Motion colour drop in water, ink swirling in water, colourful ink in water, abstraction fancy dream cloud of ink.",0.5488920569419861,0.702548275141753,0.30545068979263307,0.5051815450191498,0.7603330023193359,0.26535276770591737,0.6119275689125061,0.574118479622735,0.2993973270058632,0.6388975381851196,0.747125835089036,0.25438048541545866,0.35487912893295287,0.2391216472041222,0.22966569364070893,0.4831736385822296,0.7772016025875614,0.23590897396206856,0.5703630685806275,0.6867501818043318,0.2902335822582245,0.47454642653465273,0.46393281157811483,0.26836865246295927,level0
Few big purple plums rotating on the turntable. water drops appear on the skin during rotation. isolated on the white background. close-up. macro.,0.5799410164356231,0.5531795537933824,0.23589489459991456,0.5331618070602417,0.6331844366963704,0.2775560706853867,0.6026190370321274,0.6501692176159517,0.2800682559609413,0.6425008058547974,0.6781080830891927,0.2648869752883911,0.4900440752506256,0.6067921415452034,0.2494755506515503,0.5850463807582855,0.6617080936590172,0.2630440443754196,0.5916616916656494,0.5967362644284271,0.2885493278503418,0.5929381847381592,0.6043168005545934,0.2813059568405151,level0
"Vampire makeup face of beautiful girl, red contact lenses.",0.6188971281051636,0.6996699205147203,0.28198082447052003,0.5973556160926818,0.6984249538675944,0.28515125513076783,0.5949731171131134,0.6284295066786401,0.2510938420891762,0.6498674511909485,0.681571954232675,0.2957307994365692,0.5658026695251465,0.6638233022382183,0.30144686102867124,0.5104958340525627,0.6986320375307962,0.27653267979621887,0.6395897030830383,0.6679845889187599,0.2527179330587387,0.6094513058662414,0.6810465690692264,0.3091809034347534,level0
"Ashtray full of butts on table, smoke flowing on black background, close-up",0.5998158693313599,0.6378589714700862,0.28628723621368407,0.6047783017158508,0.579719367167155,0.2658558875322342,0.5644181966781616,0.5926807520124647,0.28581323474645615,0.6596767425537109,0.6370705536265432,0.2810054957866669,0.6013488650321961,0.5404460486750449,0.2522164285182953,0.5897558182477951,0.6730430908123982,0.25939515605568886,0.5540811657905579,0.6959841638017993,0.27624352276325226,0.5453219532966613,0.5973319143851599,0.2784747540950775,level0
"Pacific coast, carmel by the sea ocean and waves.",0.630771803855896,0.7078157726258271,0.20676129460334777,0.6555352091789246,0.7695059016418456,0.18773967325687407,0.6794447153806686,0.7718523430529936,0.15997740998864174,0.7125585079193115,0.7100400916205512,0.13888338953256607,0.613873302936554,0.663474378032069,0.19934752881526946,0.6326471567153931,0.6973151688951674,0.19134102016687393,0.50947585105896,0.5623923150587451,0.20640336573123932,0.6226890325546265,0.7837292140324911,0.2116224229335785,level0
A teddy bear is playing drum kit in NYC Times Square.,0.7905072331428528,0.6888554071234178,0.3547596871852875,0.8212518334388733,0.66501439356486,0.36311904788017274,0.8237068355083466,0.6303381467748571,0.3541305288672447,0.8191790223121643,0.6952832077403128,0.3476773202419281,0.8149500131607056,0.6978239941750803,0.38568519353866576,0.8640187382698059,0.662063081867962,0.35770320147275925,0.7257583022117615,0.7503841975012491,0.3780546188354492,0.802023732662201,0.715954835851987,0.3694756329059601,level0
A corgi is playing drum kit.,0.6342997074127197,0.6372168647706971,0.3168307602405548,0.5646352529525757,0.7100448445129395,0.30961987376213074,0.6688880026340485,0.6445475196838379,0.31582797318696976,0.6197962880134582,0.6681215958771883,0.3271807074546814,0.6375078678131103,0.7166899960425592,0.32272506356239317,0.6402190774679184,0.6955387856257902,0.3367326334118843,0.5905696868896484,0.6931033489020296,0.3243363738059998,0.6224331140518189,0.6978054156303406,0.33303627371788025,level0
"An Iron man is playing the electronic guitar, high electronic guitar.",0.7287762284278869,0.7475508038424706,0.33002008199691774,0.702996015548706,0.6052050520833333,0.18654702007770538,0.7354400455951691,0.6721079811049097,0.29268384724855423,0.7510000824928283,0.7552804115201222,0.3158122062683105,0.684741759300232,0.6562888208819974,0.23667336404323577,0.7587028592824936,0.6428309995010186,0.29630887508392334,0.6860738754272461,0.7236955103319744,0.3368146061897278,0.7184424519538879,0.7294834195375443,0.3072340369224548,level0
A raccoon is playing the electronic guitar.,0.6723130702972412,0.6518382645836172,0.3256195902824402,0.6936967134475708,0.6563252415466309,0.3395538032054901,0.6911420226097107,0.6750561729478248,0.3425404280424118,0.6367998480796814,0.7397552437487944,0.33038357496261594,0.64552903175354,0.7203371364839615,0.31843372583389284,0.7132820785045624,0.6694575914802392,0.30674130469560623,0.5880245566368103,0.7414978696246479,0.3502184867858887,0.6532701969146728,0.680735609292984,0.32456156611442566,level0
A boat sailing leisurely along the Seine River with the Eiffel Tower in background by Vincent van Gogh,0.6729376316070557,0.7598336968237115,0.23813219964504242,0.725978672504425,0.768061602376302,0.25653110146522523,0.7728736251592636,0.7664600153322574,0.250277116894722,0.7703641295433045,0.7821374485345535,0.2541798412799835,0.6064158201217651,0.719097335200156,0.24125488996505737,0.686798483133316,0.7656822392950413,0.2501245178282261,0.6944878458976745,0.7856088453189347,0.24995171427726745,0.6856429934501648,0.7709630444844564,0.26857911348342894,level0
A corgi's head depicted as an explosion of a nebula,0.6635174632072449,0.6031142084875772,0.2969292223453522,0.6730422377586365,0.6498163792928059,0.2798120081424713,0.7188771814107895,0.6228097248077393,0.33164098858833313,0.6897954821586609,0.6265159150111823,0.3405011475086212,0.6531507492065429,0.6483935530570245,0.30788748860359194,0.6224714517593384,0.6529532296825742,0.3143746703863144,0.5997177958488464,0.6169962591718334,0.31543363332748414,0.6241686701774597,0.5925827810168266,0.3492536246776581,level0
A fantasy landscape,0.6866258323192597,0.6664959069481191,0.2055638313293457,0.7283114790916443,0.7507956955973307,0.24070450365543367,0.722498819231987,0.7069269886723272,0.2255818322300911,0.7466487169265748,0.773485699877327,0.18272214233875275,0.6741061011950175,0.5599721608110654,0.20685761173566183,0.6601254343986511,0.7194194037884597,0.2061471976339817,0.5546315759420395,0.6404083757622298,0.20781909674406052,0.7064428329467773,0.7310939513047536,0.25122661888599396,level0
A future where humans have achieved teleportation technology,0.7122353792190552,0.5746615105562431,0.214087638258934,0.748307979106903,0.6715791258748373,0.23150265216827393,0.7431113421916962,0.7230160138636459,0.20086539909243584,0.7361303687095642,0.7490006189228575,0.2038819044828415,0.6385200142860412,0.4808356228182392,0.20581983029842377,0.6651894748210907,0.6408018428161432,0.18813792243599892,0.5882054805755615,0.6198929464650709,0.18763705641031264,0.7195119023323059,0.672550795952479,0.22195762395858765,level0
"A jellyfish floating through the ocean, with bioluminescent tentacles",0.547779631614685,0.5301513106176096,0.2699448078870773,0.5436924695968628,0.5468558491516113,0.2765676140785217,0.6754908114671707,0.7073526603792921,0.2597278542816639,0.6766694188117981,0.6451280743634259,0.2652356684207916,0.551827609539032,0.5259846079734063,0.24459298551082612,0.5961617976427078,0.6803381673725809,0.2537749595940113,0.5516861200332641,0.668623688276424,0.22495410442352295,0.5335358500480651,0.6795138927300771,0.2702150344848633,level0
A Mars rover moving on Mars,0.580794233083725,0.6212991197571274,0.25187575817108154,0.560194456577301,0.7318155985514323,0.25926741361618044,0.614791750907898,0.6733885487215019,0.2556733712553978,0.6747915148735046,0.7320588205596547,0.25587053000926974,0.5599124908447266,0.6882852618925033,0.24672583043575286,0.6288816034793854,0.7028508230264751,0.21890239417552948,0.49919465780258176,0.7461398850078731,0.2648822605609894,0.5637265324592591,0.775485144217809,0.26169766783714293,level0
A panda drinking coffee in a cafe in Paris,0.7055911660194397,0.6749534765435743,0.28086785078048704,0.7088742017745971,0.7334266530354817,0.3181903839111328,0.7373701184988022,0.6798743796642915,0.31540360301733017,0.7119804620742798,0.7692463854566032,0.30080344080924987,0.6507874846458435,0.667452698769108,0.3265866696834564,0.7006148248910904,0.7164348069266165,0.30347929149866104,0.6919999480247497,0.6683242892479712,0.32639131546020506,0.7118065476417541,0.7241037094593048,0.3234827220439911,level0
"A space shuttle launching into orbit, with flames and smoke billowing out from the engines",0.6922387719154358,0.6401050673196482,0.2711812913417816,0.6225967288017273,0.6641211359151205,0.2782290935516357,0.7047254741191864,0.6392547399026376,0.29254692792892456,0.7899059653282166,0.745556452056508,0.25369094014167787,0.7208770275115967,0.6779809842878772,0.27646560668945314,0.6065160036087036,0.7102636038910799,0.2628694586455822,0.6379059076309204,0.7130450551824052,0.25660555362701415,0.676796269416809,0.6616022945046425,0.26354682445526123,level0
A steam train moving on a mountainside,0.7497455596923828,0.7235635027626688,0.2825436770915985,0.7613159894943238,0.7699864967854818,0.2822534143924713,0.7713951170444489,0.7718116760253907,0.2705405578017235,0.7916595816612244,0.7428853852071879,0.2750088334083557,0.7028007984161377,0.6831164323129961,0.2799448430538177,0.7320539951324463,0.7478879782569854,0.2796193137764931,0.6729841709136963,0.7169768770203111,0.27352049946784973,0.74004625082016,0.7785145856539408,0.2878704071044922,level0
A super cool giant robot in Cyberpunk Beijing,0.7896836638450623,0.69715116740382,0.22328844368457795,0.7606468677520752,0.7002221360778808,0.17893088459968567,0.7473875731229782,0.7285173074698743,0.20660089701414108,0.7910835146903992,0.6918432190506547,0.253931000828743,0.714608883857727,0.5892997284550822,0.2463179498910904,0.7351004779338837,0.7285283167035749,0.2125231772661209,0.7464754939079284,0.7537058802168498,0.22385781705379487,0.7854158639907837,0.6909989359776179,0.20572991967201232,level0
"A tropical beach at sunrise, with palm trees and crystal-clear water in the foreground",0.7133746981620789,0.6261779655042545,0.2719498097896576,0.7861811757087708,0.7239986316935221,0.28302536606788636,0.7826891839504242,0.6295044848359661,0.2300725243985653,0.8065573096275329,0.7224555161087601,0.25002819001674653,0.6155290126800537,0.7022383073683709,0.2619714140892029,0.7680573016405106,0.7777723328206549,0.2797549441456795,0.6541008472442627,0.581833350839541,0.29415719509124755,0.7027042150497437,0.6411549690564474,0.29733830094337466,level0
"Cinematic shot of Van Gogh's selfie, Van Gogh style",0.6988331437110901,0.6805719379158907,0.23468134105205535,0.6284797310829162,0.7533492162068685,0.28787578344345094,0.649257555603981,0.6688945136835547,0.16399220004677773,0.6357133030891419,0.7400677716290509,0.17153471410274507,0.5975739002227783,0.723179502056491,0.26635717451572416,0.6752726435661316,0.7150485374324054,0.20437105745077133,0.5816682934761047,0.7058192724183547,0.2558509945869446,0.6417744517326355,0.7490892348289488,0.2898031175136566,level0
Gwen Stacy reading a book,0.5195874631404876,0.7846369636003362,0.28139721751213076,0.5833745121955871,0.7636869330851237,0.20156373381614684,0.7183415293693542,0.6549352342111092,0.1973845511674881,0.6344369530677796,0.7427576359878352,0.16434305608272554,0.621925950050354,0.6980907365429786,0.17231803834438325,0.6549120992422104,0.7649007433182965,0.16867410019040108,0.5231010437011718,0.7012089993380761,0.19205992221832274,0.6413452982902527,0.7083426702022553,0.20748260021209716,level0
Iron Man flying in the sky,0.7225621938705444,0.7428714969250583,0.31904584765434263,0.6218001365661621,0.7055549139404297,0.3080232262611389,0.6785444170236588,0.7606028613337764,0.32662031054496765,0.729180109500885,0.6473671465273256,0.27017865180969236,0.6517673373222351,0.6484509046616094,0.3060926079750061,0.690902903676033,0.7424998210178866,0.332583911716938,0.6895697116851807,0.7330723748613698,0.29950222969055174,0.6925281286239624,0.7457863392035167,0.3173556625843048,level0
"The bund Shanghai, oil painting",0.6239079833030701,0.7685901428932367,0.20579698085784912,0.7129186272621155,0.7480601235961915,0.21312590837478637,0.6648752689361572,0.7990210815712258,0.2170179784297943,0.7388096213340759,0.7617240647680965,0.13463769108057022,0.6151020169258118,0.7329475046588528,0.20660524368286132,0.6373327523469925,0.7706513361317489,0.1655343398451805,0.5767935991287232,0.7756498474594234,0.18277080953121186,0.5009393453598022,0.7829131042957306,0.17231722176074982,level0
Yoda playing guitar on the stage,0.7544545292854309,0.691925498725832,0.33196669816970825,0.7428245902061462,0.5108596375528972,0.17691797614097596,0.7604161500930786,0.6825865983374325,0.2826535254716873,0.7467825293540955,0.7517322218153211,0.2837663173675537,0.742909836769104,0.6456857473311886,0.3106404423713684,0.7427489459514618,0.6758355528882924,0.2622786685824394,0.6688171267509461,0.6342746216530022,0.3388153612613678,0.724554467201233,0.687344055334727,0.30555741786956786,level0
"A beautiful coastal beach in spring, waves lapping on sand by Hokusai, in the style of Ukiyo",0.7642277598381042,0.7938000051808911,0.309618216753006,0.7121577739715577,0.7819458373006185,0.29620406627655027,0.7492194920778275,0.7590980032932612,0.24995199590921402,0.8060868978500366,0.7519025684874735,0.21140470057725907,0.5930729866027832,0.6042813088509345,0.22534048557281494,0.7003490328788757,0.7483643446324773,0.15609386190772057,0.583825308084488,0.7137067789476971,0.17149040400981902,0.6690837860107421,0.7733286939462026,0.2656342774629593,level0
"A beautiful coastal beach in spring, waves lapping on sand by Vincent van Gogh",0.7987054586410522,0.771246523125227,0.2514573633670807,0.6684739112854003,0.7641337747192383,0.23797018826007843,0.9397733360528946,0.7367819501146857,0.1594479139894247,0.6969972133636475,0.6748179594440225,0.16904019117355346,0.575020718574524,0.5726253964208787,0.21807387173175813,0.7779579758644104,0.7535554025578796,0.16909987479448318,0.5347284734249115,0.7047156776014224,0.15381692349910736,0.6277547478675842,0.7405271389484406,0.21010169088840486,level0
A boat sailing leisurely along the Seine River with the Eiffel Tower in background,0.6277511060237885,0.7298634701514428,0.28399585485458373,0.6609742164611816,0.7902481612141927,0.3147286057472229,0.751412957906723,0.757208864894914,0.1583721935749054,0.7552005648612976,0.7830724038960021,0.3090277314186096,0.5914341330528259,0.7205723207535282,0.2371744155883789,0.6777846366167068,0.7888455371935832,0.3335081934928894,0.6280740380287171,0.7789343885081683,0.31245627999305725,0.6667180299758911,0.7930683848063151,0.28112459778785703,level0
"A car moving slowly on an empty street, rainy evening",0.5682279407978058,0.5796206464545672,0.24281864762306213,0.5487978041172028,0.4978298154195149,0.23725273013114928,0.6902288198471069,0.7084809340959713,0.17413821443915367,0.6563145756721497,0.5403442635241851,0.22784162163734437,0.5380598902702332,0.49834584562240114,0.21974643766880037,0.4889505058526993,0.6261283087829336,0.211310975253582,0.5218535125255584,0.4867976395954458,0.2330733060836792,0.6246394038200378,0.4468826264341673,0.22044252157211303,level0
A cat eating food out of a bowl,0.6048600316047669,0.6782410680489945,0.23238796293735503,0.5989467978477478,0.6817486777242024,0.23010070323944093,0.6822430193424225,0.676980473789168,0.21564404666423798,0.5840182065963745,0.7315216235879027,0.22230539917945863,0.6204256296157837,0.7216710855730119,0.2319139689207077,0.6111152470111847,0.6830370637094332,0.23266944289207458,0.5136422097682953,0.6705692746066307,0.24357615411281586,0.5952780365943908,0.6967086877028147,0.23821409046649933,level0
A cat wearing sunglasses at a pool,0.6629931688308716,0.6703425880254701,0.2995405614376068,0.6963254570960998,0.7299851457722981,0.27712084650993346,0.7199965119361877,0.6547512189841566,0.30356141924858093,0.6716580510139465,0.6886027452445325,0.2811491429805756,0.6137030363082886,0.6434145251243345,0.27324565052986144,0.6472363770008087,0.7109327693005321,0.25962162017822266,0.6543044209480285,0.7224438083855681,0.29115383625030516,0.6896403789520263,0.7382668626308442,0.28687299489974977,level0
A confused panda in calculus class,0.6527217149734497,0.6828068779642267,0.25377030670642853,0.686931312084198,0.7296794804382325,0.28388195633888247,0.670652762055397,0.7454842586281858,0.27668075263500214,0.6877787470817566,0.7702949461760344,0.24816101789474487,0.6415608644485473,0.7078667788967009,0.28317683935165405,0.696770966053009,0.706215967083373,0.23883211612701416,0.6309353828430175,0.7188470816797065,0.27503984570503237,0.698721969127655,0.7198755960464478,0.2656633824110031,level0
A cute fluffy panda eating Chinese food in a restaurant,0.6706670165061951,0.6579563395773718,0.27772467136383056,0.7028342008590698,0.641150046895345,0.3013050317764282,0.6489173769950867,0.6863724188745757,0.293902687728405,0.6475938200950623,0.7689601451732494,0.2805484175682068,0.68060861825943,0.714743290009037,0.2905513644218445,0.6546369642019272,0.6944824733180128,0.28955790400505066,0.6336920142173768,0.6876214706066042,0.2941478490829468,0.6768439769744873,0.7024534196853638,0.2778352737426758,level0
"A cute happy Corgi playing in park, sunset",0.64041109085083,0.5348672402551933,0.3185618042945862,0.6214929938316345,0.6412931990559896,0.35207319259643555,0.6632495373487473,0.635080026814967,0.3219107910990715,0.7160525560379029,0.7129670183158214,0.32916646599769595,0.5834160566329956,0.4965523100206929,0.2957577109336853,0.5875840932130814,0.5762122348136427,0.3098275139927864,0.5686897516250611,0.581550813660141,0.3213941156864166,0.6151956796646119,0.6487958747545879,0.327187305688858,level0
A cute raccoon playing guitar in a boat on the ocean,0.6955413341522216,0.7096337106394213,0.3774692952632904,0.6977629661560059,0.7342679464721679,0.36726284623146055,0.6733207851648331,0.7319052547878689,0.38238511234521866,0.6631088972091674,0.7502977372157721,0.36324815154075624,0.6383926033973694,0.7398414130979969,0.37542850971221925,0.6761612594127655,0.7398626270531619,0.36193664371967316,0.6392517685890198,0.6969821744815324,0.38310378789901733,0.6419054388999939,0.7422063146432241,0.3699041545391083,level0
"A happy fuzzy panda playing guitar nearby a campfire, snow mountain in the background",0.7022081017494202,0.6981051810804264,0.34913179874420164,0.683210289478302,0.7387320115152995,0.3497354984283447,0.720879927277565,0.7037524870884271,0.3090056851506233,0.6489338397979736,0.7043213019665377,0.36496129631996155,0.6475980639457702,0.7007650838052074,0.332184636592865,0.7074660956859589,0.71857844910681,0.36547303944826126,0.6550122976303101,0.6680681490047957,0.3432080149650574,0.6582262516021729,0.7577054870923361,0.3504478394985199,level0
"A lightning striking atop of eiffel tower, dark clouds in the sky",0.6581688404083252,0.619848286887472,0.31315300464630125,0.6270959258079529,0.7104118368021647,0.33039870858192444,0.676276370882988,0.686148318891172,0.32970674335956573,0.7234161376953125,0.7121326817642024,0.3263058543205261,0.5520491003990173,0.7081100836107809,0.30245156288146974,0.6046139597892761,0.7233184357797457,0.2993600144982338,0.628550386428833,0.7498042934920436,0.3277370989322662,0.5572286009788513,0.6120620368321736,0.3263340890407562,level0
"A modern art museum, with colorful paintings",0.4282225430011749,0.6576201076063999,0.2048725187778473,0.4512737035751343,0.6305781792704265,0.2594926178455353,0.5184570327401161,0.7282383062810073,0.2582225613296032,0.4865883350372314,0.7216107634556147,0.2010197311639786,0.4132775604724884,0.5497283522390549,0.22222067713737487,0.4656023681163788,0.6930961919523374,0.25020992010831833,0.45541857481002807,0.6648302889092025,0.2497791826725006,0.3724436640739441,0.6649464533726375,0.23470848500728608,level0
A panda cooking in the kitchen,0.6680325984954834,0.6635703444370005,0.2894154191017151,0.6931591510772706,0.7137385276794432,0.3073737621307373,0.6386088877916336,0.7676148650086957,0.2960209771990776,0.6638575196266174,0.7577369831226489,0.31442126631736755,0.6727179527282715,0.685056669973558,0.3098292946815491,0.6696112602949142,0.6973322051986125,0.31365296989679337,0.5702341496944427,0.6876239073405894,0.28257732689380644,0.6573951959609985,0.7109736997286479,0.30162498354911804,level0
A panda playing on a swing set,0.629037058353424,0.6538915855939998,0.26857200264930725,0.6453419327735901,0.7396947946675618,0.276699960231781,0.5949563980102539,0.7565076169849914,0.2693808749318123,0.6451679706573487,0.6509283212732385,0.30030022859573363,0.5929467916488648,0.6824663965778967,0.2829918324947357,0.6409497112035751,0.6525522440993439,0.2756400480866432,0.5909277915954589,0.6314537321578625,0.300415563583374,0.6689384579658508,0.7166534643967947,0.28402516841888426,level0
A polar bear is playing guitar,0.7241407871246338,0.6905853285087172,0.31788729429244994,0.6537655830383301,0.7343076746622721,0.3170801341533661,0.6589295715093613,0.692609620741856,0.30421923846006393,0.6894682765007019,0.7228324744142132,0.30806312561035154,0.6748150587081909,0.7293734574471751,0.33759503364562987,0.6905699074268341,0.7237264066514137,0.32567697018384933,0.6422289848327637,0.7558098727677219,0.32413209676742555,0.6610445976257324,0.7189747025966644,0.32855483889579773,level0
"A raccoon dressed in suit playing the trumpet, stage background",0.6899363040924072,0.6677382457644441,0.341330474615097,0.6839063405990601,0.5923605385843913,0.35098204016685486,0.7432208508253098,0.6314975798571552,0.3463134318590164,0.7218959927558899,0.6846799724249192,0.32834320664405825,0.6639777183532715,0.6577453804016113,0.3565046966075897,0.6922555714845657,0.6601282046543613,0.32640066742897034,0.6723471641540527,0.6746649976035421,0.3549712121486664,0.7003006100654602,0.7119687081178029,0.34308685064315797,level0
"A robot DJ is playing the turntable, in heavy raining futuristic tokyo rooftop cyberpunk night, sci-fi, fantasy",0.7949126124382019,0.6704577587630397,0.33742743730545044,0.7766106009483338,0.582031277770996,0.2917232275009155,0.802136018872261,0.6694400616634039,0.30240748822689056,0.776886260509491,0.6099720400586541,0.3438840866088867,0.7307367563247681,0.5580695340402665,0.2814195990562439,0.7532612979412079,0.5897823697798479,0.3606676310300827,0.7512686491012573,0.6656397008969803,0.3465874671936035,0.7831503272056579,0.6847852442264556,0.367644739151001,level0
A shark swimming in clear Caribbean ocean,0.6524826049804687,0.6831311089567436,0.2613034963607788,0.614651370048523,0.7176663595072428,0.24389827847480774,0.6691228002309799,0.7268114823470881,0.2299387939274311,0.721035635471344,0.701843962210196,0.24809532165527343,0.5954574823379517,0.6794337686723277,0.23758043944835663,0.6169872432947159,0.7273556251842451,0.22571198269724846,0.5688828825950623,0.7105367195070251,0.29066712856292726,0.6331989407539368,0.7231116165717443,0.25690455436706544,level0
A super robot protecting city,0.7126776695251464,0.723281199048656,0.2503527939319611,0.7559346914291382,0.7782199508666993,0.26798444986343384,0.7059261202812195,0.6854920011685218,0.2617632523179054,0.7771413564682007,0.7734261695956006,0.25106391310691833,0.7154657483100891,0.6769572197083503,0.26289454102516174,0.6781821101903915,0.6901857996976226,0.2834088057279587,0.5880778789520263,0.7392599784791931,0.22952674925327302,0.7828354835510254,0.7617096073627472,0.2712278008460999,level0
A teddy bear washing the dishes,0.7477989435195923,0.7333969702905462,0.2773662626743317,0.7109356164932251,0.7287182982381186,0.2825184166431427,0.7591303586959839,0.7296839815304603,0.2650733031332493,0.7370814442634582,0.7554751718780142,0.2969542920589447,0.668512511253357,0.6950346247150051,0.27167279124259947,0.7204178273677826,0.719082355459696,0.29702430218458176,0.659044885635376,0.7457540562356165,0.2739421010017395,0.6956300616264344,0.7463999138275783,0.32267398238182066,level0
"An epic tornado attacking above a glowing city at night, the tornado is made of smoke",0.5734924435615539,0.5262362443199453,0.28180065751075745,0.6676561594009399,0.7158365990193685,0.2557123124599457,0.6095708906650543,0.6544574854109022,0.31166284531354904,0.6583125352859497,0.6487456255312318,0.2823310136795044,0.5781227231025696,0.5703030173393988,0.27620155811309816,0.6414812654256821,0.6074590543295832,0.25692103058099747,0.539213889837265,0.5933260999576065,0.28704622983932493,0.6452731490135193,0.6595045447746912,0.2836516976356506,level0
An oil painting of a couple in formal evening wear going home get caught in a heavy downpour with umbrellas,0.7058687329292297,0.7334033637231634,0.22459958493709564,0.7801839232444763,0.758234143371582,0.29474635124206544,0.6582690328359604,0.6673844486990093,0.26771117746829987,0.7800140142440796,0.5318203210712951,0.24818864166736604,0.6376192927360534,0.6332719162356468,0.25407080352306366,0.6503694206476212,0.5993874367440885,0.2537662461400032,0.576836347579956,0.6238896778313687,0.2545740932226181,0.701044762134552,0.7026434058348336,0.26367413997650146,level0
Clown fish swimming through the coral reef,0.6235730767250061,0.7064513153549312,0.2745841383934021,0.616204023361206,0.7530325529988606,0.2789934158325195,0.6474373489618301,0.773121068507065,0.22552329674363136,0.6864246845245361,0.7256246522503134,0.2593867421150208,0.525537109375,0.6508103337441721,0.2675114184617996,0.6149089932441711,0.6987918421638457,0.2744089215993881,0.6040130019187927,0.7235601668246957,0.2597303032875061,0.5708664059638977,0.717415980577469,0.2837666690349579,level0
Hyper-realistic spaceship landing on Mars,0.6634106397628784,0.675707111506499,0.2533343642950058,0.6397197604179382,0.6451540519205728,0.23977339267730713,0.612739235162735,0.7469198365859043,0.2616936266422272,0.6401217937469482,0.7597360869984568,0.23231382966041564,0.5854793429374695,0.62773019987537,0.22518281936645507,0.6677342504262924,0.6866710665611806,0.226750448346138,0.5417878925800323,0.7726034793114478,0.22236696779727935,0.5912699460983276,0.7439502571821213,0.23750438690185546,level0
"The bund Shanghai, vibrant color",0.5952624678611755,0.7718485343992249,0.2809643387794495,0.6559778690338135,0.6403120431009929,0.28185437321662904,0.7015448659658432,0.7608859832198531,0.22694717347621918,0.7112495183944703,0.7963818065502025,0.21223730444908143,0.6044645547866822,0.7310451556174986,0.24728842377662658,0.6440853625535965,0.7395927375381912,0.2429787926375866,0.6168239951133728,0.7260175699633222,0.21166556775569917,0.6361115097999572,0.7596102943817774,0.2510521590709686,level0
Vincent van Gogh is painting in the room,0.6078579783439636,0.7503290327205214,0.24553776383399964,0.5859677076339722,0.744335459950765,0.25024435520172117,0.6338353753089905,0.6686801585444698,0.23838317021727562,0.5973344326019288,0.7537523982672043,0.23411355018615723,0.5176384925842286,0.6884559045607044,0.22887328267097473,0.5581634342670441,0.7570159026498122,0.23637057468295097,0.5141533553600312,0.7176448996492135,0.2452298253774643,0.5028170466423034,0.7358625934123992,0.2620124280452728,level0
Yellow flowers swing in the wind,0.6175480961799622,0.6121915048998456,0.21651834845542908,0.6595557689666748,0.6781646335347493,0.20622843205928804,0.7212829440832138,0.746623730600616,0.19599773734807968,0.7365301489830017,0.7433124343495311,0.1884134441614151,0.5734165132045745,0.456131912169918,0.1832004100084305,0.6373257786035538,0.7646343913414666,0.21089277416467667,0.6077303051948547,0.7154774479237638,0.19713614881038666,0.640339982509613,0.7602794726689657,0.20638994574546815,level0
